ipv4_address,domain
74.49.110.80,test.binary.io
74.119.153.38,blog.startup.io
151.82.241.164,ftp.debugging.org
151.10.111.122,encoded.net
151.161.205.183,validation.net
104.114.218.173,operations.org
151.184.63.78,endpoint.org
151.99.3.102,testing.com
45.106.116.116,packet.org
198.30.111.241,ftp.assurance.org
74.49.110.80,test.binary.io
74.119.153.38,blog.startup.io
151.82.241.164,ftp.debugging.org
151.10.111.122,encoded.net
151.161.205.183,validation.net
104.114.218.173,operations.org
151.184.63.78,endpoint.org
151.99.3.102,testing.com
45.106.116.116,packet.org
198.30.111.241,ftp.assurance.org
